Question,Tag
63. Unique Paths II,DnC
1. Two Sum,DnC
2. Add Two Numbers,DnC
3. Longest Substring Without Repeating Characters,DnC
4. Median of Two Sorted Arrays,DnC
5. Longest Palindromic Substring,DnC
6. Zigzag Conversion,DnC
7. Reverse Integer,DnC
8. String to Integer (atoi),DnC
9. Palindrome Number,DnC
10. Regular Expression Matching,DnC
11. Container With Most Water,DnC
12. Integer to Roman,DnC
13. Roman to Integer,DnC
14. Longest Common Prefix,DnC
15. 3Sum,DnC
16. 3Sum Closest,DnC
17. Letter Combinations of a Phone Number,DnC
18. 4Sum,DnC
19. Remove Nth Node From End of List,DnC
20. Valid Parentheses,DnC
21. Merge Two Sorted Lists,DnC
22. Generate Parentheses,DnC
23. Merge k Sorted Lists,DnC
24. Swap Nodes in Pairs,DnC
25. Reverse Nodes in k-Group,DnC
26. Remove Duplicates from Sorted Array,DnC
27. Remove Element,DnC
28. Find the Index of the First Occurrence in a String,DnC
29. Divide Two Integers,DnC
30. Substring with Concatenation of All Words,DnC
31. Next Permutation,DnC
32. Longest Valid Parentheses,DnC
33. Search in Rotated Sorted Array,DnC
34. Find First and Last Position of Element in Sorted Array,DnC
35. Search Insert Position,DnC
36. Valid Sudoku,DnC
37. Sudoku Solver,DnC
38. Count and Say,DnC
39. Combination Sum,DnC
40. Combination Sum II,DnC
41. First Missing Positive,DnC
42. Trapping Rain Water,DnC
43. Multiply Strings,DnC
44. Wildcard Matching,DnC
45. Jump Game II,DnC
46. Permutations,DnC
47. Permutations II,DnC
48. Rotate Image,DnC
49. Group Anagrams,DnC
63. Unique Paths II,DnC
1. Two Sum,DnC
2. Add Two Numbers,DnC
3. Longest Substring Without Repeating Characters,DnC
4. Median of Two Sorted Arrays,DnC
5. Longest Palindromic Substring,DnC
6. Zigzag Conversion,DnC
7. Reverse Integer,DnC
8. String to Integer (atoi),DnC
9. Palindrome Number,DnC
10. Regular Expression Matching,DnC
11. Container With Most Water,DnC
12. Integer to Roman,DnC
13. Roman to Integer,DnC
14. Longest Common Prefix,DnC
15. 3Sum,DnC
16. 3Sum Closest,DnC
17. Letter Combinations of a Phone Number,DnC
18. 4Sum,DnC
19. Remove Nth Node From End of List,DnC
20. Valid Parentheses,DnC
21. Merge Two Sorted Lists,DnC
22. Generate Parentheses,DnC
23. Merge k Sorted Lists,DnC
24. Swap Nodes in Pairs,DnC
25. Reverse Nodes in k-Group,DnC
26. Remove Duplicates from Sorted Array,DnC
27. Remove Element,DnC
28. Find the Index of the First Occurrence in a String,DnC
29. Divide Two Integers,DnC
30. Substring with Concatenation of All Words,DnC
31. Next Permutation,DnC
32. Longest Valid Parentheses,DnC
33. Search in Rotated Sorted Array,DnC
34. Find First and Last Position of Element in Sorted Array,DnC
35. Search Insert Position,DnC
36. Valid Sudoku,DnC
37. Sudoku Solver,DnC
38. Count and Say,DnC
39. Combination Sum,DnC
40. Combination Sum II,DnC
41. First Missing Positive,DnC
42. Trapping Rain Water,DnC
43. Multiply Strings,DnC
44. Wildcard Matching,DnC
45. Jump Game II,DnC
46. Permutations,DnC
47. Permutations II,DnC
48. Rotate Image,DnC
49. Group Anagrams,DnC
51. N-Queens,DnC
52. N-Queens II,DnC
53. Maximum Subarray,DnC
54. Spiral Matrix,DnC
55. Jump Game,DnC
56. Merge Intervals,DnC
57. Insert Interval,DnC
58. Length of Last Word,DnC
59. Spiral Matrix II,DnC
60. Permutation Sequence,DnC
61. Rotate List,DnC
62. Unique Paths,DnC
63. Unique Paths II,DnC
64. Minimum Path Sum,DnC
65. Valid Number,DnC
66. Plus One,DnC
67. Add Binary,DnC
68. Text Justification,DnC
69. Sqrt(x),DnC
70. Climbing Stairs,DnC
71. Simplify Path,DnC
72. Edit Distance,DnC
73. Set Matrix Zeroes,DnC
74. Search a 2D Matrix,DnC
75. Sort Colors,DnC
76. Minimum Window Substring,DnC
77. Combinations,DnC
78. Subsets,DnC
79. Word Search,DnC
80. Remove Duplicates from Sorted Array II,DnC
81. Search in Rotated Sorted Array II,DnC
82. Remove Duplicates from Sorted List II,DnC
83. Remove Duplicates from Sorted List,DnC
84. Largest Rectangle in Histogram,DnC
85. Maximal Rectangle,DnC
86. Partition List,DnC
87. Scramble String,DnC
88. Merge Sorted Array,DnC
89. Gray Code,DnC
90. Subsets II,DnC
91. Decode Ways,DnC
92. Reverse Linked List II,DnC
93. Restore IP Addresses,DnC
94. Binary Tree Inorder Traversal,DnC
95. Unique Binary Search Trees II,DnC
96. Unique Binary Search Trees,DnC
97. Interleaving String,DnC
98. Validate Binary Search Tree,DnC
99. Recover Binary Search Tree,DnC
100. Same Tree,DnC
101. Symmetric Tree,DnC
102. Binary Tree Level Order Traversal,DnC
103. Binary Tree Zigzag Level Order Traversal,DnC
104. Maximum Depth of Binary Tree,DnC
105. Construct Binary Tree from Preorder and Inorder Traversal,DnC
106. Construct Binary Tree from Inorder and Postorder Traversal,DnC
107. Binary Tree Level Order Traversal II,DnC
108. Convert Sorted Array to Binary Search Tree,DnC
109. Convert Sorted List to Binary Search Tree,DnC
110. Balanced Binary Tree,DnC
111. Minimum Depth of Binary Tree,DnC
112. Path Sum,DnC
113. Path Sum II,DnC
114. Flatten Binary Tree to Linked List,DnC
115. Distinct Subsequences,DnC
116. Populating Next Right Pointers in Each Node,DnC
117. Populating Next Right Pointers in Each Node II,DnC
118. Pascal's Triangle,DnC
119. Pascal's Triangle II,DnC
120. Triangle,DnC
121. Best Time to Buy and Sell Stock,DnC
122. Best Time to Buy and Sell Stock II,DnC
123. Best Time to Buy and Sell Stock III,DnC
124. Binary Tree Maximum Path Sum,DnC
125. Valid Palindrome,DnC
126. Word Ladder II,DnC
127. Word Ladder,DnC
128. Longest Consecutive Sequence,DnC
129. Sum Root to Leaf Numbers,DnC
130. Surrounded Regions,DnC
131. Palindrome Partitioning,DnC
132. Palindrome Partitioning II,DnC
133. Clone Graph,DnC
134. Gas Station,DnC
135. Candy,DnC
136. Single Number,DnC
137. Single Number II,DnC
138. Copy List with Random Pointer,DnC
139. Word Break,DnC
140. Word Break II,DnC
141. Linked List Cycle,DnC
142. Linked List Cycle II,DnC
143. Reorder List,DnC
144. Binary Tree Preorder Traversal,DnC
145. Binary Tree Postorder Traversal,DnC
146. LRU Cache,DnC
147. Insertion Sort List,DnC
148. Sort List,DnC
149. Max Points on a Line,DnC
150. Evaluate Reverse Polish Notation,DnC
151. Reverse Words in a String,DnC
152. Maximum Product Subarray,DnC
153. Find Minimum in Rotated Sorted Array,DnC
154. Find Minimum in Rotated Sorted Array II,DnC
155. Min Stack,DnC
156. Binary Tree Upside Down,DnC
157. Read N Characters Given Read4,DnC
158. Read N Characters Given read4 II - Call Multiple Times,DnC
159. Longest Substring with At Most Two Distinct Characters,DnC
160. Intersection of Two Linked Lists,DnC
161. One Edit Distance,DnC
162. Find Peak Element,DnC
163. Missing Ranges,DnC
164. Maximum Gap,DnC
165. Compare Version Numbers,DnC
166. Fraction to Recurring Decimal,DnC
167. Two Sum II - Input Array Is Sorted,DnC
168. Excel Sheet Column Title,DnC
169. Majority Element,DnC
170. Two Sum III - Data structure design,DnC
171. Excel Sheet Column Number,DnC
172. Factorial Trailing Zeroes,DnC
173. Binary Search Tree Iterator,DnC
174. Dungeon Game,DnC
175. Combine Two Tables,DnC
176. Second Highest Salary,DnC
177. Nth Highest Salary,DnC
178. Rank Scores,DnC
179. Largest Number,DnC
180. Consecutive Numbers,DnC
181. Employees Earning More Than Their Managers,DnC
182. Duplicate Emails,DnC
183. Customers Who Never Order,DnC
184. Department Highest Salary,DnC
185. Department Top Three Salaries,DnC
186. Reverse Words in a String II,DnC
187. Repeated DNA Sequences,DnC
188. Best Time to Buy and Sell Stock IV,DnC
189. Rotate Array,DnC
190. Reverse Bits,DnC
191. Number of 1 Bits,DnC
192. Word Frequency,DnC
193. Valid Phone Numbers,DnC
194. Transpose File,DnC
195. Tenth Line,DnC
196. Delete Duplicate Emails,DnC
197. Rising Temperature,DnC
198. House Robber,DnC
199. Binary Tree Right Side View,DnC
200. Number of Islands,DnC
201. Bitwise AND of Numbers Range,DnC
202. Happy Number,DnC
203. Remove Linked List Elements,DnC
204. Count Primes,DnC
205. Isomorphic Strings,DnC
206. Reverse Linked List,DnC
207. Course Schedule,DnC
208. Implement Trie (Prefix Tree),DnC
209. Minimum Size Subarray Sum,DnC
210. Course Schedule II,DnC
211. Design Add and Search Words Data Structure,DnC
212. Word Search II,DnC
213. House Robber II,DnC
214. Shortest Palindrome,DnC
215. Kth Largest Element in an Array,DnC
216. Combination Sum III,DnC
217. Contains Duplicate,DnC
218. The Skyline Problem,DnC
219. Contains Duplicate II,DnC
220. Contains Duplicate III,DnC
221. Maximal Square,DnC
222. Count Complete Tree Nodes,DnC
223. Rectangle Area,DnC
224. Basic Calculator,DnC
225. Implement Stack using Queues,DnC
226. Invert Binary Tree,DnC
227. Basic Calculator II,DnC
228. Summary Ranges,DnC
229. Majority Element II,DnC
230. Kth Smallest Element in a BST,DnC
231. Power of Two,DnC
232. Implement Queue using Stacks,DnC
233. Number of Digit One,DnC
234. Palindrome Linked List,DnC
235. Lowest Common Ancestor of a Binary Search Tree,DnC
236. Lowest Common Ancestor of a Binary Tree,DnC
237. Delete Node in a Linked List,DnC
238. Product of Array Except Self,DnC
239. Sliding Window Maximum,DnC
240. Search a 2D Matrix II,DnC
241. Different Ways to Add Parentheses,DnC
242. Valid Anagram,DnC
243. Shortest Word Distance,DnC
244. Shortest Word Distance II,DnC
245. Shortest Word Distance III,DnC
246. Strobogrammatic Number,DnC
247. Strobogrammatic Number II,DnC
248. Strobogrammatic Number III,DnC
249. Group Shifted Strings,DnC
250. Count Univalue Subtrees,DnC
251. Flatten 2D Vector,DnC
252. Meeting Rooms,DnC
253. Meeting Rooms II,DnC
254. Factor Combinations,DnC
255. Verify Preorder Sequence in Binary Search Tree,DnC
256. Paint House,DnC
257. Binary Tree Paths,DnC
258. Add Digits,DnC
259. 3Sum Smaller,DnC
260. Single Number III,DnC
261. Graph Valid Tree,DnC
262. Trips and Users,DnC
263. Ugly Number,DnC
264. Ugly Number II,DnC
265. Paint House II,DnC
266. Palindrome Permutation,DnC
267. Palindrome Permutation II,DnC
268. Missing Number,DnC
269. Alien Dictionary,DnC
270. Closest Binary Search Tree Value,DnC
271. Encode and Decode Strings,DnC
272. Closest Binary Search Tree Value II,DnC
273. Integer to English Words,DnC
274. H-Index,DnC
275. H-Index II,DnC
276. Paint Fence,DnC
277. Find the Celebrity,DnC
278. First Bad Version,DnC
279. Perfect Squares,DnC
280. Wiggle Sort,DnC
281. Zigzag Iterator,DnC
282. Expression Add Operators,DnC
283. Move Zeroes,DnC
284. Peeking Iterator,DnC
285. Inorder Successor in BST,DnC
286. Walls and Gates,DnC
287. Find the Duplicate Number,DnC
288. Unique Word Abbreviation,DnC
289. Game of Life,DnC
290. Word Pattern,DnC
291. Word Pattern II,DnC
292. Nim Game,DnC
293. Flip Game,DnC
294. Flip Game II,DnC
295. Find Median from Data Stream,DnC
296. Best Meeting Point,DnC
297. Serialize and Deserialize Binary Tree,DnC
298. Binary Tree Longest Consecutive Sequence,DnC
299. Bulls and Cows,DnC
300. Longest Increasing Subsequence,DnC
301. Remove Invalid Parentheses,DnC
302. Smallest Rectangle Enclosing Black Pixels,DnC
303. Range Sum Query - Immutable,DnC
304. Range Sum Query 2D - Immutable,DnC
305. Number of Islands II,DnC
306. Additive Number,DnC
307. Range Sum Query - Mutable,DnC
308. Range Sum Query 2D - Mutable,DnC
309. Best Time to Buy and Sell Stock with Cooldown,DnC
310. Minimum Height Trees,DnC
311. Sparse Matrix Multiplication,DnC
312. Burst Balloons,DnC
313. Super Ugly Number,DnC
314. Binary Tree Vertical Order Traversal,DnC
315. Count of Smaller Numbers After Self,DnC
316. Remove Duplicate Letters,DnC
317. Shortest Distance from All Buildings,DnC
318. Maximum Product of Word Lengths,DnC
319. Bulb Switcher,DnC
320. Generalized Abbreviation,DnC
321. Create Maximum Number,DnC
322. Coin Change,DnC
323. Number of Connected Components in an Undirected Graph,DnC
324. Wiggle Sort II,DnC
325. Maximum Size Subarray Sum Equals k,DnC
326. Power of Three,DnC
327. Count of Range Sum,DnC
328. Odd Even Linked List,DnC
329. Longest Increasing Path in a Matrix,DnC
330. Patching Array,DnC
331. Verify Preorder Serialization of a Binary Tree,DnC
332. Reconstruct Itinerary,DnC
333. Largest BST Subtree,DnC
334. Increasing Triplet Subsequence,DnC
335. Self Crossing,DnC
336. Palindrome Pairs,DnC
337. House Robber III,DnC
338. Counting Bits,DnC
339. Nested List Weight Sum,DnC
340. Longest Substring with At Most K Distinct Characters,DnC
341. Flatten Nested List Iterator,DnC
342. Power of Four,DnC
343. Integer Break,DnC
344. Reverse String,DnC
345. Reverse Vowels of a String,DnC
346. Moving Average from Data Stream,DnC
347. Top K Frequent Elements,DnC
348. Design Tic-Tac-Toe,DnC
349. Intersection of Two Arrays,DnC
350. Intersection of Two Arrays II,DnC
